{
    "uvs": [[0.180677,0.277924,0.224757,0.107342,0.314151,0.158889,0.31549,0.264834,0.884116,0.734739,0.974424,0.812215,0.969785,0.903726,0.887014,0.897426,0.568471,0.2318,0.688107,0.279578,0.659699,0.388392,0.578337,0.406344,0.83451,0.235822,0.953475,0.291432,0.916248,0.390598,0.821956,0.392486,0.090802,0.683397,0.016171,0.736753,0.024701,0.62537,0.110591,0.5627,0.56251,0.616874,0.553809,0.466608,0.651625,0.494695,0.67004,0.613979,0.222529,0.524248,0.227475,0.425214,0.33962,0.399673,0.320433,0.511649,0.018274,0.490572,0,0.355981,0.116325,0.380594,0.133972,0.5627,0.0049,0.263054,0.113893,0.270072,0.042129,0.116261,0.116297,0.119151,0.686801,0.760721,0.753483,0.782367,0.76588,0.903726,0.700427,0.862998,0.694477,0.476962,0.787291,0.485851,0.76037,0.640655,0.682076,0.598284,0.902186,0.466608,0.907889,0.597308,0.99495,0.530304,1,0.64169,0.33962,0.340201,0.508684,0.335908,0.509171,0.466608,0.396075,0.466608,0.348095,0.07344,0.439615,0.008621,0.454819,0.169295,0.342672,0.23232,0.52519,0,0.567534,0.141591,0.619405,0.006141,0.66344,0.120539,0.238569,0,0.33962,0.08096,0.688107,0.254435,0.700578,0.392486,0.013559,0.050744,0.086296,4.7e-05,0.775475,0,0.85838,0.005074,0.849917,0.08422,0.713183,0.072905,0.941414,0.071476,0.942852,0.144034,0.329369,0.700408,0.224005,0.719735,0.202533,0.580365,0.302727,0.572675,0.31691,0.948179,0.23984,1,0.257335,0.873031,0.333171,0.843356,0.117042,0.993844,0.114801,0.884363,0.019823,1,0,0.908955,0.584355,0.901931,0.582272,0.767964,0.682076,0.727906,0.682076,0.820065,0.378509,0.859747,0.33962,0.749305,0.444798,0.785442,0.471371,0.877489,0.390695,0.655038,0.499101,0.63535,0.350127,0.520753,0.463647,0.476125]],
    "normals": [-0.116703,-0.98822,0.09891,-0.207373,-0.854671,0.475875,-0.502029,-0.80578,0.314035,-0.566393,-0.820063,0.081637,-0.102908,0.994263,0.028108,-0.59273,0.797357,0.113315,-0.539994,0.61156,0.578234,-0.150822,0.783715,0.602496,0.980499,0.155919,0.11948,0.564806,0.803705,0.187017,0.547227,0.688681,0.4756,0.797754,0.382702,0.465957,-0.176946,0.390484,0.903409,-0.708121,0.298776,0.639729,-0.969207,0.166601,-0.181188,-0.653096,0.753533,-0.074923,-0.636219,0.685659,-0.353648,-0.74572,0.100955,-0.658528,-0.185064,-0.317942,-0.929868,-0.157567,-0.80224,-0.575823,-0.586291,-0.57268,-0.572924,-0.776727,-0.250679,-0.577776,-0.128269,-0.986908,-0.097659,-0.717277,-0.684194,-0.131748,0.747459,-0.483779,-0.455184,0.744713,-0.653829,-0.133732,0.119663,-0.986755,-0.109409,0.152165,-0.708884,-0.688681,0.654439,-0.747276,0.115116,0.092959,-0.988739,0.117069,0.537675,-0.699149,0.471206,0.120762,-0.863247,0.490066,0.166967,0.973785,0.154424,0.148656,0.763909,0.627918,0.459029,0.782678,-0.420331,0.161382,0.887295,-0.43202,0.131718,0.986297,-0.099185,0.525803,0.845912,-0.089114,-0.139286,0.855464,-0.498703,-0.142491,0.984893,-0.09827,0.966216,-0.12772,0.223731,0.758965,-0.104221,0.642689,0.556475,-0.349071,-0.753929,0.949492,-0.275246,-0.150639,0.799921,-0.002045,-0.600055,0.991455,0.074862,-0.106662,-0.299722,-0.204718,0.931791,-0.75576,-0.220374,0.616596,0.27488,-0.217414,0.936552,0.29191,0.453047,0.842311,-0.967101,-0.198767,-0.158727,-0.949522,-0.301584,0.085971,-0.971496,0.216834,0.095676,-0.212561,0.196387,-0.957183,0.257546,0.178259,-0.949644,0.099063,-0.308542,-0.946013],
    "name": "CubeGeometry",
    "vertices": [0.366221,-0.202029,-0.339688,0.277778,-0.199809,0.399042,-0.342767,-0.214384,0.310374,-0.324566,-0.211599,-0.389801,0.34517,0.219818,-0.365197,0.274277,0.210758,0.351063,-0.343821,0.23232,0.379138,-0.350203,0.207571,-0.318584,0.38988,-0.244994,-0.0488,0.366934,-0.268794,0.148024,0.099728,-0.262994,-0.454202,-0.105446,-0.255876,-0.38599,0.2896,-0.043302,-0.427418,0.418495,0.071802,-0.409075,0.101395,-0.25055,0.417854,-0.144659,-0.227126,0.423461,0.359038,-0.039871,0.442145,0.383786,0.072977,0.357045,-0.340177,-0.243748,0.116709,-0.38301,-0.243204,-0.151619,-0.391816,-0.094853,0.397815,-0.3643,0.087434,0.375951,-0.350908,-0.060431,-0.385851,-0.364321,0.076715,-0.427867,0.361163,0.260709,-0.138316,0.327861,0.269192,0.162479,0.136053,0.251212,-0.365479,-0.119103,0.28479,-0.42193,0.122318,0.236893,0.414815,-0.148678,0.27267,0.381278,-0.337841,0.257435,0.207904,-0.37546,0.226537,-0.112858,0.118542,-0.299185,-0.073002,-0.132611,-0.305701,-0.162776,0.110008,-0.328532,0.162036,-0.04034,-0.315718,0.136435,0.179585,0.28638,-0.073756,0.178608,0.316392,0.190217,-0.148403,0.305724,-0.180472,-0.111687,0.324338,0.078701,0.401474,-0.065801,-0.123638,0.454879,-0.025029,0.203768,0.499446,0.097276,-0.131249,0.465319,0.084293,0.034252,0.179807,-0.099618,0.572058,-0.169664,-0.107181,0.56943,0.198462,0.100307,0.506127,-0.085996,0.09737,0.475328,-0.461281,-0.124397,0.160209,-0.385425,-0.084655,-0.125544,-0.460822,0.089245,0.168031,-0.425625,0.114312,-0.207238,0.181138,0.10807,-0.541718,-0.134053,0.100565,-0.538255,0.039126,-0.065232,-0.483997,-0.107936,-0.084133,-0.499222],
    "faces": [41,35,15,2,18,0,1,2,3,0,1,2,3,41,39,30,6,29,4,5,6,7,4,5,6,7,41,43,25,5,17,8,9,10,11,8,9,10,11,41,47,29,6,21,12,13,14,15,12,7,6,13,41,51,31,7,23,16,17,18,19,14,15,16,17,41,55,11,3,22,20,21,22,23,18,19,20,21,41,11,33,19,3,24,25,26,27,19,22,23,20,41,33,35,18,19,25,0,3,26,22,0,3,23,41,0,8,32,10,28,29,30,31,24,25,26,27,41,10,32,33,11,31,30,25,24,27,26,22,19,41,8,9,34,32,29,32,33,30,25,28,29,26,41,32,34,35,33,30,33,0,25,26,29,0,22,41,9,1,14,34,32,34,35,33,28,30,31,29,41,34,14,15,35,33,35,1,0,29,31,1,0,41,25,37,28,5,36,37,38,39,9,32,33,10,41,37,39,29,28,37,4,7,38,32,4,7,33,41,4,26,36,24,40,41,42,43,34,35,36,37,41,24,36,37,25,43,42,37,36,37,36,32,9,41,26,27,38,36,41,44,45,42,35,38,39,36,41,36,38,39,37,42,45,4,37,36,39,4,32,41,27,7,31,38,44,46,47,45,38,16,15,39,41,38,31,30,39,45,47,5,4,39,15,5,4,41,9,41,16,1,48,49,50,51,28,40,41,30,41,41,43,17,16,49,8,11,50,40,8,11,41,41,0,12,40,8,52,53,54,55,24,42,43,25,41,8,40,41,9,55,54,49,48,25,43,40,28,41,12,13,42,40,53,56,57,54,42,44,45,43,41,40,42,43,41,54,57,8,49,43,45,8,40,41,13,4,24,42,56,58,59,57,44,34,37,45,41,42,24,25,43,57,59,9,8,45,37,9,8,41,15,45,20,2,1,60,61,2,1,46,47,2,41,45,47,21,20,62,12,15,63,46,12,13,47,41,1,16,44,14,34,64,65,35,30,41,48,31,41,14,44,45,15,35,65,60,1,31,48,46,1,41,16,17,46,44,66,67,68,69,41,11,49,48,41,44,46,47,45,69,68,12,62,48,49,12,46,41,17,5,28,46,67,70,71,68,11,10,33,49,41,46,28,29,47,68,71,13,12,49,33,7,12,41,19,49,22,3,72,73,74,75,23,50,21,20,41,49,51,23,22,73,16,19,74,50,14,17,21,41,2,20,48,18,76,77,78,79,2,47,51,3,41,18,48,49,19,79,78,73,72,3,51,50,23,41,20,21,50,48,77,80,81,78,47,13,52,51,41,48,50,51,49,78,81,16,73,51,52,14,50,41,21,6,30,50,80,82,83,81,13,6,5,52,41,50,30,31,51,81,83,17,16,52,5,15,14,41,27,53,23,7,84,85,86,87,38,53,17,16,41,53,55,22,23,85,20,23,86,53,18,21,17,41,4,13,52,26,88,89,90,91,34,44,54,35,41,26,52,53,27,91,90,85,84,35,54,53,38,41,13,12,54,52,89,92,93,90,44,42,55,54,41,52,54,55,53,90,93,20,85,54,55,18,53,41,12,0,10,54,92,94,95,93,42,24,27,55,41,54,10,11,55,93,95,21,20,55,27,19,18],
    "metadata": {
        "uvs": 1,
        "faces": 54,
        "generator": "io_three",
        "version": 3,
        "vertices": 56,
        "type": "Geometry",
        "normals": 56
    }
}