{
    "uvs": [[0.350355,0.185394,0.283219,0.221278,0.304793,0.253566,0.365215,0.22127,0.423201,0.163296,0.430777,0.201382,0.350355,0.902917,0.283219,0.867033,0.857721,0.395552,0.879818,0.468399,0.176082,0.328416,0.224375,0.269571,0.498959,0.932477,0.423201,0.925015,0.773543,0.269572,0.821836,0.328417,0.118099,0.468398,0.140197,0.395552,0.647563,0.902917,0.574716,0.925015,0.647563,0.185394,0.714699,0.221279,0.773543,0.81874,0.714698,0.867033,0.118099,0.619913,0.110638,0.544156,0.498959,0.155835,0.574717,0.163296,0.85772,0.69276,0.821836,0.759895,0.176082,0.759895,0.140197,0.69276,0.88728,0.544156,0.879818,0.619913,0.879818,0.619913,0.224374,0.81874,0.498959,0.194667,0.567141,0.201382,0.841732,0.612338,0.848448,0.544156,0.251833,0.791282,0.304793,0.834745,0.841732,0.475974,0.251833,0.29703,0.365215,0.867041,0.430777,0.886929,0.821844,0.410413,0.789548,0.34999,0.208369,0.34999,0.176073,0.410412,0.498959,0.893645,0.567141,0.886929,0.746085,0.29703,0.693125,0.253567,0.156185,0.475974,0.14947,0.544156,0.632702,0.867041,0.693124,0.834745,0.632703,0.22127,0.746085,0.791282,0.789548,0.738321,0.156185,0.612337,0.176073,0.677899,0.821844,0.677899,0.208369,0.738321]],
    "normals": [-0.68569,-0.672475,0.278542,-0.68569,-0.605213,0.40437,-0.72982,0.568377,-0.379772,-0.72982,0.63155,-0.261605,0.68569,-0.672475,0.278542,0.68569,-0.713889,0.142003,0.72982,0.670461,-0.133335,0.72982,0.63155,-0.261605,0.68569,-0.605213,0.40437,-0.68569,0.672475,0.278542,-0.68569,0.605213,0.40437,0.68569,0.605213,0.40437,0.68569,0.672475,0.278542,-0.68569,-0.278542,-0.672475,-0.68569,-0.142003,-0.713889,0.68569,-0.142003,-0.713889,0.68569,-0.278542,-0.672475,-0.68569,-0.40437,0.605213,-0.68569,-0.514664,0.514664,0.68569,-0.514664,0.514664,0.68569,-0.40437,0.605213,-0.68569,0.727866,0,-0.68569,0.713889,0.142003,0.68569,0.713889,0.142003,0.68569,0.727866,0,-0.68569,-0.514664,-0.514695,-0.68569,-0.40437,-0.605213,0.68569,-0.40437,-0.605213,0.68569,-0.514664,-0.514695,-0.68569,-0.142003,0.713889,-0.68569,-0.278542,0.672475,0.68569,-0.278542,0.672475,0.68569,-0.142003,0.713889,-0.68569,0.672475,-0.278542,-0.68569,0.713889,-0.142003,0.68569,0.713889,-0.142003,0.68569,0.672475,-0.278542,-0.68569,-0.672475,-0.278542,-0.68569,-0.605213,-0.40437,0.68569,-0.605213,-0.40437,0.68569,-0.672475,-0.278542,-0.68569,0.514664,-0.514664,-0.68569,0.605213,-0.40437,0.68569,0.605213,-0.40437,0.68569,0.514664,-0.514664,-0.68569,0.142003,0.713889,-0.68569,0,0.727866,0.68569,0,0.727866,0.68569,0.142003,0.713889,-0.68569,-0.727866,0,-0.68569,-0.713889,-0.142003,0.68569,-0.713889,-0.142003,0.68569,-0.727866,0,-0.68569,0.278542,-0.672475,-0.68569,0.40437,-0.605213,0.68569,0.40437,-0.605213,0.68569,0.278542,-0.672475,-0.68569,0.40437,0.605213,-0.68569,0.278542,0.672475,0.68569,0.278542,0.672475,0.68569,0.40437,0.605213,-0.68569,-0.713889,0.142003,-0.68569,0,-0.727866,-0.68569,0.142003,-0.713889,0.68569,0.142003,-0.713889,0.68569,0,-0.727866,-0.68569,0.514664,0.514664,0.68569,0.514664,0.514664,0.72982,0.683584,0,0.72982,0.670461,0.133366,0.72982,-0.133335,0.670461,0.72982,0,0.683584,0.72982,-0.483383,-0.483383,0.72982,-0.568377,-0.379772,0.72982,0.133335,0.670461,0.72982,0.568377,-0.379772,0.72982,0.483383,-0.483383,0.72982,-0.63155,-0.261605,0.72982,-0.670461,-0.133335,0.72982,0.261605,0.63155,0.72982,0.379772,0.568377,0.72982,0.379772,-0.568377,0.72982,0.261605,-0.63155,0.72982,-0.683584,0,0.72982,-0.670461,0.133335,0.72982,0.483383,0.483383,0.72982,0.568377,0.379772,0.72982,0.133335,-0.670461,0.72982,0,-0.683584,0.72982,-0.63155,0.261605,0.72982,-0.568377,0.379772,0.72982,0.63155,0.261605,0.72982,-0.483383,0.483383,0.72982,-0.379772,0.568377,0.72982,-0.133335,-0.670461,0.72982,-0.261605,-0.63155,0.72982,-0.261605,0.63155,0.72982,-0.379772,-0.568377,-0.72982,0.568377,0.379772,-0.72982,0.63155,0.261605,-0.72982,-0.63155,-0.261605,-0.72982,-0.568377,-0.379772,-0.72982,0.261605,0.63155,-0.72982,0.133335,0.670461,-0.72982,0.379772,-0.568377,-0.72982,0.483383,-0.483383,-0.72982,-0.683584,0,-0.72982,-0.670461,-0.133335,-0.72982,0.483383,0.483383,-0.72982,0.379772,0.568377,-0.72982,0.133335,-0.670461,-0.72982,0.261605,-0.63155,-0.72982,-0.63155,0.261605,-0.72982,-0.670461,0.133335,-0.72982,-0.483383,0.483383,-0.72982,-0.568377,0.379772,-0.72982,-0.133335,-0.670461,-0.72982,0,-0.683584,-0.72982,0.683584,0,-0.72982,0.670461,0.133366,-0.72982,-0.261605,0.63155,-0.72982,-0.379772,0.568377,-0.72982,-0.379772,-0.568377,-0.72982,-0.261605,-0.63155,-0.72982,0.670461,-0.133335,-0.72982,0,0.683584,-0.72982,-0.133335,0.670461,-0.72982,-0.483383,-0.483383,-0.68569,-0.514664,-0.514664,-0.68569,0.514664,0.514695,0.68569,0.514664,0.514695,0.68569,-0.514664,-0.514664],